{"cameraMode":{"drawMode":0,"name":"Shaded","section":"Shading Mode"},"sceneLighting":false,"audioPlay":false,"sceneViewState":{"showFog":true,"showMaterialUpdate":true,"showSkybox":false,"showFlares":true,"showImageEffects":true,"showParticleSystems":true},"in2DMode":false,"pivot":{"x":6.489999771118164,"y":-3.654022216796875,"z":31.18000030517578},"rotation":{"x":-0.29005783796310427,"y":-0.012357919476926327,"z":0.003711023833602667,"w":-0.9569295644760132},"size":22.608139038085939,"orthographic":false}