{"cameraMode":{"drawMode":0,"name":"Shaded","section":"Shading Mode"},"sceneLighting":true,"audioPlay":false,"sceneViewState":{"showFog":true,"showMaterialUpdate":true,"showSkybox":true,"showFlares":true,"showImageEffects":true,"showParticleSystems":true},"in2DMode":false,"pivot":{"x":-125.48657989501953,"y":9.630231857299805,"z":-204.67835998535157},"rotation":{"x":-0.12313979864120484,"y":0.40457892417907717,"z":-0.055085405707359317,"w":-0.9045184850692749},"size":280.5583190917969,"orthographic":false}