{"cameraMode":{"drawMode":0,"name":"Shaded","section":"Shading Mode"},"sceneLighting":false,"audioPlay":false,"sceneViewState":{"showFog":true,"showMaterialUpdate":true,"showSkybox":false,"showFlares":true,"showImageEffects":true,"showParticleSystems":true},"in2DMode":false,"pivot":{"x":3.0863125324249269,"y":-5.625999450683594,"z":-125.51492309570313},"rotation":{"x":-0.09801182895898819,"y":0.32286059856414797,"z":-0.03363845869898796,"w":-0.9407612681388855},"size":15.974957466125489,"orthographic":false}