{"cameraMode":{"drawMode":0,"name":"Shaded","section":"Shading Mode"},"sceneLighting":false,"audioPlay":false,"sceneViewState":{"showFog":true,"showMaterialUpdate":true,"showSkybox":false,"showFlares":true,"showImageEffects":true,"showParticleSystems":true},"in2DMode":false,"pivot":{"x":5.619382381439209,"y":-1.4237459897994996,"z":-122.52174377441406},"rotation":{"x":-0.29005783796310427,"y":-0.012357919476926327,"z":0.003711023833602667,"w":-0.9569295644760132},"size":52.21784973144531,"orthographic":false}