{"cameraMode":{"drawMode":0,"name":"Shaded","section":"Shading Mode"},"sceneLighting":false,"audioPlay":false,"sceneViewState":{"showFog":true,"showMaterialUpdate":true,"showSkybox":false,"showFlares":true,"showImageEffects":true,"showParticleSystems":true},"in2DMode":false,"pivot":{"x":3.086312770843506,"y":-10.7747802734375,"z":-189.01492309570313},"rotation":{"x":-0.29005783796310427,"y":-0.012357919476926327,"z":0.003711023833602667,"w":-0.9569295644760132},"size":17.540098190307618,"orthographic":false}